Biosample,Note,ID.Processing,ID.Cohort,ID.Individual,Tissue,Quant.18s,Quant.18s SD,Quant.Kulesh,Quant.Kulesh SD,
RA1803_Spleen,,A0001,D006,RA1803,Spleen,1.89E+07,7.85E+06,8.37E+04,6.84E+03,
RA1803_Kidney,,A0002,D006,RA1803,Kidney,1.33E+09,1.24E+08,1.61E+02,8.54E+00,
RA1803_Liver-L,,A0003,D006,RA1803,Liver,2.88E+10,7.95E+09,4.74E+03,1.66E+02,
RA1803_Adrenal,,A0004,D006,RA1803,Adrenal Gland,4.91E+07,6.08E+05,1.10E+04,9.82E+01,
RA1803_Brain-Wh,White,A0005,D006,RA1803,Brain,9.55E+08,3.70E+08,1.84E+01,1.72E+00,
RA1803_Brain-Gr,Grey,A0006,D006,RA1803,Brain,2.63E+09,6.56E+08,4.60E+01,5.45E+01,
RA1803_Ovary,,A0007,D006,RA1803,Sex Organ,1.59E+09,8.34E+08,1.34E+02,5.63E+00,
RA1803_LN-AX-R,,A0008,D006,RA1803,Lymph node,4.00E+07,6.12E+06,1.10E+04,9.82E+01,
RA1803_LN-ING-L,,A0009,D006,RA1803,Lymph node,2.67E+07,2.51E+05,1.86E+04,8.57E+02,
RA1082_LN-MES,,A0010,D006,RA1803,Lymph node,,,,,attempted repeat; no sample
RA1803_LNG-CD-R,,A0011,D006,RA1803,Lung,3.93E+11,5.96E+10,1.30E+02,3.98E+00,
RA1803_Sex-Organ,,A0012,D006,RA1803,Sex Organ,1.18E+08,2.82E+07,2.06E+02,4.09E+00,
RA1803_Skin-Rash,Rash site,A0013,D006,RA1803,Skin,9.26E+09,8.76E+08,2.33E+01,4.69E+00,
RA1803_Skin-Non-Rash,Non-rash site,A0014,D006,RA1803,Skin,1.31E+10,1.46E+09,8.11E+01,1.68E+01,
RA0850_Spleen,,A0015,D004,RA0850,Spleen,8.20E+07,8.97E+06,3.25E+03,2.15E+02,
RA0850_Kidney,,A0016,D004,RA0850,Kidney,8.67E+09,2.67E+09,1.27E+00,1.31E-01,
RA0850_Liver-L,,A0017,D004,RA0850,Liver,2.12E+10,7.07E+09,9.40E+01,7.21E+00,
RA0850_Adrenal,,A0018,D004,RA0850,Adrenal Gland,1.47E+08,2.33E+06,3.08E+01,4.68E+00,
RA0850_Brain-Wh,White,A0019,D004,RA0850,Brain,1.21E+09,2.35E+08,3.04E-01,9.10E-02,
RA0850_Brain-Gr,Grey,A0020,D004,RA0850,Brain,1.14E+09,7.63E+08,1.87E-01,5.90E-02,
RA0850_Ovary,,A0021,D004,RA0850,Sex Organ,1.53E+10,1.55E+09,4.14E-01,1.35E-01,
RA0850_LN-AX-R,,A0022,D004,RA0850,Lymph node,8.95E+09,1.97E+09,2.28E+02,4.83E+01,
RA0850_LN-ING-L,,A0023,D004,RA0850,Lymph node,3.38E+09,7.00E+08,6.87E+01,8.50E+00,
RA0850_LN-MES,,A0024,D004,RA0850,Lymph node,8.80E+09,4.84E+09,4.69E+01,4.87E+00,
RA0850_LNG-CD-R,,A0025,D004,RA0850,Lung,7.84E+09,2.05E+09,1.03E-01,4.30E-02,
RA0850_Sex-Organ,,A0026,D004,RA0850,Sex Organ,1.98E+09,5.73E+08,1.20E-01,5.10E-02,
RA0850_Skin-Rash,Rash site,A0027,D004,RA0850,Skin,6.07E+09,1.64E+09,1.85E+01,2.81E+00,
RA0850_Skin-Non-Rash,Non-rash site,A0028,D004,RA0850,Skin,6.06E+09,1.94E+09,3.34E+00,1.32E+00,
RA0717_Spleen,,A0029,D004,RA0717,Spleen,1.37E+08,5.02E+06,3.75E+05,2.34E+04,
RA0717_Kidney,,A0030,D004,RA0717,Kidney,4.51E+09,1.49E+09,2.02E+01,1.60E+00,
RA0717_Liver-L,,A0031,D004,RA0717,Liver,2.47E+10,1.36E+10,2.62E+03,5.27E+01,
RA0717_Adrenal,,A0032,D004,RA0717,Adrenal Gland,1.73E+08,4.13E+06,5.60E+03,1.27E+02,
RA0717_Brain-Wh,White,A0033,D004,RA0717,Brain,2.11E+09,2.74E+08,2.41E+00,1.38E-01,
RA0717_Brain-Gr,Grey,A0034,D004,RA0717,Brain,1.19E+08,1.81E+07,4.72E+00,1.89E-01,
RA0717_Ovary,,A0035,D004,RA0717,Sex Organ,1.19E+08,1.81E+07,2.10E+00,5.42E-01,
RA0717_LN-AX-R,,A0036,D004,RA0717,Lymph node,1.05E+09,9.75E+08,7.43E+02,3.73E+01,
RA0717_LN-ING-L,,A0037,D004,RA0717,Lymph node,3.34E+09,8.10E+08,1.45E+03,4.33E+01,
RA0717_LN-MES,,A0038,D004,RA0717,Lymph node,2.70E+09,2.19E+09,5.46E+03,1.44E+02,remove
RA0717_LNG-CD-R,,A0039,D004,RA0717,Lung,5.10E+09,3.23E+08,4.92E+01,1.74E+00,
RA0717_Sex-Organ,,A0040,D004,RA0717,Sex Organ,9.51E+08,2.13E+08,5.18E+00,8.01E-01,
RA0717_Skin-Rash,Rash site,A0041,D004,RA0717,Skin,1.29E+10,4.62E+09,3.71E+00,1.90E+00,
RA0717_Skin-Non-Rash,Non-rash site,A0042,D004,RA0717,Skin,1.70E+10,6.53E+09,8.29E+00,2.27E+00,
RA0700_Spleen,,A0043,D007,RA0700,Spleen,4.84E+07,8.84E+06,3.44E+05,2.71E+04,
RA0700_Kidney,,A0044,D007,RA0700,Kidney,2.70E+09,6.38E+08,5.64E+02,1.82E+02,
RA0700_Liver-L,,A0045,D007,RA0700,Liver,3.01E+09,2.49E+08,3.42E+03,4.26E+03,remove
RA0700_Adrenal,,A0046,D007,RA0700,Adrenal Gland,6.16E+07,2.56E+06,1.49E+05,1.81E+03,
RA0700_Brain-Wh,White,A0047,D007,RA0700,Brain,2.97E+08,2.64E+08,5.59E+01,7.99E-01,
RA0700_Brain-Gr,Grey,A0048,D007,RA0700,Brain,5.96E+09,4.28E+09,1.67E+02,9.06E+00,
RA0700_Ovary,,A0049,D007,RA0700,Sex Organ,6.15E+09,5.38E+09,1.26E+03,2.70E+01,
RA0700_LN-AX-R,,A0050,D007,RA0700,Lymph node,2.16E+02,8.05E+01,-,-,attempted repeat; no sample
RA0700_LN-ING-L,,A0051,D007,RA0700,Lymph node,6.75E+09,5.50E+09,9.03E+05,8.48E+04,
RA0700_LN-MES,,A0052,D007,RA0700,Lymph node,9.10E+09,6.30E+09,2.76E+05,3.96E+04,
RA0700_LNG-CD-R,,A0053,D007,RA0700,Lung,4.73E+09,1.90E+09,1.82E+02,3.09E+01,
RA0700_Sex-Organ,,A0054,D007,RA0700,Sex Organ,2.67E+06,2.64E+05,6.62E+02,4.78E+01,
RA0700_Skin-Rash,Rash site,A0055,D007,RA0700,Skin,9.04E+09,2.41E+09,1.20E+02,3.87E+01,
RA0700_Skin-Non-Rash,Non-rash site,A0056,D007,RA0700,Skin,2.40E+10,6.93E+09,1.25E+02,5.28E+01,
RA0223_Spleen,,A0057,D003,RA0223,Spleen,1.49E+08,5.95E+07,4.32E+02,2.16E+01,
RA0223_Kidney,,A0058,D003,RA0223,Kidney,2.21E+09,1.87E+09,5.82E-01,1.61E-01,
RA0223_Liver-L,,A0059,D003,RA0223,Liver,1.36E+10,1.61E+09,7.97E+03,3.86E+02,remove
RA0223_Adrenal,,A0060,D003,RA0223,Adrenal Gland,7.59E+07,2.10E+06,5.34E+00,2.76E+00,
RA0223_Brain-Wh,White,A0061,D003,RA0223,Brain,2.69E+09,1.23E+09,3.00E-03,3.00E-03,
RA0223_Brain-Gr,Grey,A0062,D003,RA0223,Brain,7.38E+10,2.81E+10,4.69E-01,4.11E-01,
RA0223_Ovary,,A0063,D003,RA0223,Sex Organ,2.90E+11,1.53E+11,5.09E-01,6.56E-01,remove
RA0223_LN-AX-R,,A0064,D003,RA0223,Lymph node,6.55E+09,4.17E+09,1.57E+02,4.84E+01,
RA0223_LN-ING-L,,A0065,D003,RA0223,Lymph node,6.50E+09,5.30E+09,1.34E+03,7.91E+00,
RA0223_LN-MES,,A0066,D003,RA0223,Lymph node,3.31E+09,2.65E+09,-,-,remove
RA0223_LNG-CD-R,,A0067,D003,RA0223,Lung,1.17E+10,2.52E+09,1.67E+00,1.07E+00,
RA0223_Sex-Organ,,A0068,D003,RA0223,Sex Organ,8.79E+05,2.75E+05,3.82E+00,2.33E+00,
RA0223_Skin-Rash,Rash site,A0069,D003,RA0223,Skin,1.47E+10,1.92E+09,3.98E+00,1.87E+00,
RA0223_Skin-Non-Rash,Non-rash site,A0070,D003,RA0223,Skin,4.00E+10,2.66E+09,9.64E+01,5.61E+00,
RA1779_Spleen,,A0071,D008,RA1779,Spleen,9.09E+07,7.98E+06,1.02E+05,5.33E+04,
RA1779_Kidney,,A0072,D008,RA1779,Kidney,4.55E+08,1.25E+08,3.44E+02,5.60E+00,
RA1779_Liver-L,,A0073,D008,RA1779,Liver,3.56E+10,9.50E+09,1.27E+03,3.43E+02,
RA1779_Adrenal,,A0074,D008,RA1779,Adrenal Gland,2.48E+08,5.34E+06,1.64E+05,5.78E+03,
RA1779_Brain-Wh,White,A0075,D008,RA1779,Brain,5.00E+10,3.94E+10,8.44E+02,2.75E+01,
RA1779_Brain-Gr,Grey,A0076,D008,RA1779,Brain,1.14E+11,1.70E+10,2.76E+03,1.50E+02,
RA1779_Ovary,,A0077,D008,RA1779,Sex Organ,2.73E+11,1.00E+11,2.74E+05,1.85E+03,
RA1779_LN-AX-R,,A0078,D008,RA1779,Lymph node,1.03E+10,4.59E+09,7.05E+05,3.49E+04,
RA1779_LN-ING-L,,A0079,D008,RA1779,Lymph node,1.08E+10,2.44E+09,1.10E+05,1.70E+04,
RA1779_LN-MES,,A0080,D008,RA1779,Lymph node,1.36E+08,1.09E+08,1.69E+05,6.88E+03,
RA1779_LNG-CD-R,,A0081,D008,RA1779,Lung,9.89E+09,2.57E+09,7.86E+01,1.80E+01,remove
RA1779_Sex-Organ,,A0082,D008,RA1779,Sex Organ,6.54E+05,1.41E+05,4.65E+02,1.08E+02,
RA1779_Skin-Rash,Rash site,A0083,D008,RA1779,Skin,8.99E+09,6.20E+08,2.51E+03,2.14E+02,
RA1779_Skin-Non-Rash,Non-rash site,A0084,D008,RA1779,Skin,1.03E+10,1.91E+09,1.62E+03,1.98E+02,
RA1834_Spleen,,A0085,D003,RA1834,Spleen,1.22E+08,7.39E+06,6.21E+03,2.50E+02,
RA1834_Kidney,,A0086,D003,RA1834,Kidney,1.00E+09,2.49E+08,3.46E-01,1.62E-01,
RA1834_Liver-L,,A0087,D003,RA1834,Liver,2.96E+10,5.06E+09,2.20E+02,5.42E+00,
RA1834_Adrenal,,A0088,D003,RA1834,Adrenal Gland,4.99E+07,3.17E+05,1.60E+01,1.98E-01,
RA1834_Brain-Wh,White,A0089,D003,RA1834,Brain,2.35E+10,3.46E+09,1.81E-01,1.69E-01,
RA1834_Brain-Gr,Grey,A0090,D003,RA1834,Brain,1.84E+11,2.04E+10,1.45E+00,5.42E-01,
RA1834_Testis,,A0091,D003,RA1834,Sex Organ,3.32E+11,2.93E+11,2.74E+02,1.54E+01,
RA1834_LN-AX-R,,A0092,D003,RA1834,Lymph node,3.01E+09,2.69E+09,8.79E+01,8.53E+00,
RA1834_LN-ING-L,,A0093,D003,RA1834,Lymph node,1.28E+10,6.80E+09,7.74E+01,3.83E+00,
RA1834_LN-MES,,A0094,D003,RA1834,Lymph node,2.83E+09,1.57E+09,2.70E+00,9.17E-01,
RA1834_LNG-CD-R,,A0095,D003,RA1834,Lung,9.02E+09,3.90E+09,1.31E+00,4.44E-01,
RA1834_Sex-Organ,,A0096,D003,RA1834,Sex Organ,4.66E+05,5.19E+04,1.85E+00,1.13E+00,
RA1834_Skin-Rash,Rash site,A0097,D003,RA1834,Skin,1.05E+10,4.98E+08,7.56E+00,2.38E+00,
RA1834_Skin-Non-Rash,Non-rash site,A0098,D003,RA1834,Skin,2.64E+09,4.12E+08,1.83E+01,9.08E+00,
RA0449_Spleen,,A0099,D003,RA0449,Spleen,1.49E+08,1.22E+07,3.27E+03,5.62E+02,
RA0449_Kidney,,A0100,D003,RA0449,Kidney,8.62E+10,8.38E+10,6.85E-01,4.50E-02,
RA0449_Liver-L,,A0101,D003,RA0449,Liver,1.78E+08,3.26E+07,8.44E+02,9.81E+02,
RA0449_Adrenal,,A0102,D003,RA0449,Adrenal Gland,1.04E+08,2.38E+06,8.40E+00,1.49E+00,
RA0449_Brain-Wh,White,A0103,D003,RA0449,Brain,1.58E+11,7.35E+09,3.72E-01,3.64E-01,
RA0449_Brain-Gr,Grey,A0104,D003,RA0449,Brain,4.91E+11,7.26E+10,4.90E-02,6.90E-02,
RA0449_Ovary,,A0105,D003,RA0449,Sex Organ,7.29E+10,3.26E+10,2.41E-01,3.62E-01,
RA0449_LN-AX-R,,A0106,D003,RA0449,Lymph node,4.16E+09,1.01E+09,3.94E+01,3.99E+00,
RA0449_LN-ING-L,,A0107,D003,RA0449,Lymph node,1.37E+09,7.45E+08,1.93E+00,3.26E-01,
RA0449_LN-MES,,A0108,D003,RA0449,Lymph node,4.50E+09,1.11E+09,1.74E+01,4.48E-01,
RA0449_LNG-CD-R,,A0109,D003,RA0449,Lung,2.24E+10,1.18E+09,1.67E+00,4.04E-01,
RA0449_Sex-Organ,,A0110,D003,RA0449,Sex Organ,3.59E+07,3.35E+06,9.00E+00,1.65E+00,
RA0449_Skin-Rash,Rash site,A0111,D003,RA0449,Skin,3.15E+09,3.37E+08,3.56E+00,1.82E+00,
RA0449_Skin-Non-Rash,Non-rash site,A0112,D003,RA0449,Skin,5.56E+09,4.00E+08,5.81E+00,5.74E-01,
RA0522_Spleen,,A0113,D005,RA0522,Spleen,1.08E+08,1.40E+06,2.30E+04,1.85E+03,
RA0522_Kidney,,A0114,D005,RA0522,Kidney,9.57E+10,4.17E+10,8.30E+00,8.88E-01,
RA0522_Liver-L,,A0115,D005,RA0522,Liver,5.57E+08,3.73E+07,1.50E+04,1.21E+04,
RA0522_Adrenal,,A0116,D005,RA0522,Adrenal Gland,1.17E+08,3.27E+06,1.29E+03,5.66E+01,
RA0522_Brain-Wh,White,A0117,D005,RA0522,Brain,1.40E+11,3.35E+10,2.40E+00,8.84E-01,
RA0522_Brain-Gr,Grey,A0118,D005,RA0522,Brain,4.01E+11,3.74E+10,6.97E+00,6.94E-01,
RA0522_Ovary,,A0119,D005,RA0522,Sex Organ,1.10E+11,8.20E+10,3.98E+02,2.05E+00,
RA0522_LN-AX-R,,A0120,D005,RA0522,Lymph node,2.10E+09,5.45E+08,7.94E+02,3.27E+01,
RA0522_LN-ING-L,,A0121,D005,RA0522,Lymph node,8.95E+08,5.20E+08,3.14E+02,1.56E+01,
RA0522_LN-MES,,A0122,D005,RA0522,Lymph node,2.80E+09,2.19E+09,2.18E+04,2.25E+03,
RA0522_LNG-CD-R,,A0123,D005,RA0522,Lung,8.40E+09,1.63E+09,1.19E+01,5.83E-01,
RA0522_Sex-Organ,,A0124,D005,RA0522,Sex Organ,3.26E+07,2.70E+06,-,-,
RA0522_Skin-Rash,Rash site,A0125,D005,RA0522,Skin,1.30E+10,1.90E+09,9.56E+00,3.74E+00,
RA0522_Skin-Non-Rash,Non-rash site,A0126,D005,RA0522,Skin,1.86E+10,1.02E+10,7.85E+00,1.30E+00,
RA0452_Spleen,,A0127,D005,RA0452,Spleen,1.05E+08,1.61E+06,8.22E+04,3.02E+03,
RA0452_Kidney,,A0128,D005,RA0452,Kidney,2.36E+11,6.16E+10,5.07E+01,2.24E+00,
RA0452_Liver-L,,A0129,D005,RA0452,Liver,4.92E+08,6.14E+07,1.54E+04,8.81E+03,
RA0452_Adrenal,,A0130,D005,RA0452,Adrenal Gland,1.69E+08,1.91E+06,3.46E+04,2.25E+03,
RA0452_Brain-Wh,White,A0131,D005,RA0452,Brain,1.90E+10,7.61E+09,1.59E+02,1.62E+01,
RA0452_Brain-Gr,Grey,A0132,D005,RA0452,Brain,4.58E+10,4.62E+09,1.27E+02,2.75E+01,
RA0452_Ovary,,A0133,D005,RA0452,Sex Organ,6.79E+10,2.59E+10,4.01E+03,2.05E+02,
RA0452_LN-AX-R,,A0134,D005,RA0452,Lymph node,1.25E+10,1.42E+09,2.33E+04,2.68E+03,
RA0452_LN-ING-L,,A0135,D005,RA0452,Lymph node,3.72E+09,2.06E+09,5.72E+04,2.17E+03,
RA0452_LN-MES,,A0136,D005,RA0452,Lymph node,9.00E+09,5.40E+09,3.29E+04,5.57E+03,
RA0452_LNG-CD-R,,A0137,D005,RA0452,Lung,3.88E+09,8.92E+08,7.76E+00,3.45E-01,
RA0452_Sex-Organ,,A0138,D005,RA0452,Sex Organ,8.72E+07,1.95E+07,3.74E+01,5.52E+00,
RA0452_Skin-Rash,Rash site,A0139,D005,RA0452,Skin,2.69E+09,5.49E+08,1.52E+01,1.48E+00,
RA0452_Skin-Non-Rash,Non-rash site,A0140,D005,RA0452,Skin,1.91E+09,3.29E+08,1.63E+02,1.49E+01,
RA1790_Spleen,,A0141,D007,RA1790,Spleen,5.23E+07,5.83E+06,1.56E+05,4.35E+04,
RA1790_Kidney,,A0142,D007,RA1790,Kidney,5.76E+10,1.01E+10,3.45E+02,2.80E+01,
RA1790_Liver-L,,A0143,D007,RA1790,Liver,4.13E+08,5.11E+07,3.78E+05,2.01E+05,
RA1790_Adrenal,,A0144,D007,RA1790,Adrenal Gland,1.46E+08,1.18E+06,9.31E+04,2.65E+03,
RA1790_Brain-Wh,White,A0145,D007,RA1790,Brain,3.44E+10,3.09E+09,3.84E+02,2.34E+01,
RA1790_Brain-Gr,Grey,A0146,D007,RA1790,Brain,6.74E+11,7.59E+10,5.54E+03,2.13E+02,
RA1790_Ovary,,A0147,D007,RA1790,Sex Organ,3.89E+10,4.13E+10,7.97E+04,9.03E+02,
RA1790_LN-AX-R,,A0148,D007,RA1790,Lymph node,8.05E+08,1.80E+08,3.51E+05,1.28E+04,
RA1790_LN-ING-L,,A0149,D007,RA1790,Lymph node,2.81E+09,1.77E+09,3.98E+05,1.70E+04,
RA1790_LN-MES,,A0150,D007,RA1790,Lymph node,2.47E+09,1.88E+09,5.77E+05,2.67E+04,
RA1790_LNG-CD-R,,A0151,D007,RA1790,Lung,6.84E+09,4.06E+08,4.07E+01,2.01E+00,
RA1790_Sex-Organ,,A0152,D007,RA1790,Sex Organ,5.11E+07,1.30E+07,7.90E+02,8.02E+01,
RA1790_Skin-Rash,Rash site,A0153,D007,RA1790,Skin,1.06E+09,1.90E+08,4.23E+02,5.82E+01,
RA1790_Skin-Non-Rash,Non-rash site,A0154,D007,RA1790,Skin,1.53E+09,2.13E+08,4.45E+02,7.68E+01,
RA1818_Spleen,,A0155,D006,RA1818,Spleen,8.57E+07,2.51E+06,2.25E+05,9.04E+03,remove
RA1818_Kidney,,A0156,D006,RA1818,Kidney,6.22E+09,1.91E+09,3.62E+02,2.07E+01,
RA1818_Liver-L,,A0157,D006,RA1818,Liver,2.28E+08,4.47E+07,6.35E+05,4.24E+05,
RA1818_Adrenal,,A0158,D006,RA1818,Adrenal Gland,1.98E+08,4.06E+06,6.43E+04,1.21E+03,
RA1818_Brain-Wh,White,A0159,D006,RA1818,Brain,7.70E+10,1.35E+10,7.28E+02,5.59E+01,
RA1818_Brain-Gr,Grey,A0160,D006,RA1818,Brain,5.94E+11,5.68E+10,2.41E+03,1.25E+02,
RA1818_Ovary,,A0161,D006,RA1818,Sex Organ,9.08E+09,1.40E+10,3.45E+04,2.86E+03,
RA1818_LN-AX-R,,A0162,D006,RA1818,Lymph node,2.90E+09,1.82E+09,1.90E+05,1.16E+04,
RA1818_LN-ING-L,,A0163,D006,RA1818,Lymph node,1.85E+09,1.60E+09,2.13E+05,1.05E+04,
RA1818_LN-MES,,A0164,D006,RA1818,Lymph node,5.30E+09,2.15E+08,8.38E+05,6.16E+03,
RA1818_LNG-CD-R,,A0165,D006,RA1818,Lung,1.64E+10,8.92E+09,1.21E+02,4.94E+00,
RA1818_Sex-Organ,,A0166,D006,RA1818,Sex Organ,2.64E+07,2.33E+07,2.15E+02,4.25E+01,
RA1818_Skin-Rash,Rash site,A0167,D006,RA1818,Skin,9.22E+05,4.95E+05,7.78E+01,1.41E+01,
RA1818_Skin-Non-Rash,Non-rash site,A0168,D006,RA1818,Skin,5.74E+09,1.07E+09,6.32E+04,1.40E+04,
RA1849_Spleen,,A0169,D004,RA1849,Spleen,8.15E+07,2.32E+06,2.23E+04,1.91E+03,
RA1849_Kidney,,A0170,D004,RA1849,Kidney,2.20E+10,7.70E+09,5.09E+00,2.60E-01,
RA1849_Liver-L,,A0171,D004,RA1849,Liver,6.43E+08,7.73E+07,7.34E+03,2.67E+03,
RA1849_Adrenal,,A0172,D004,RA1849,Adrenal Gland,8.43E+07,1.62E+06,9.34E+01,4.04E+00,
RA1849_Brain-Wh,White,A0173,D004,RA1849,Brain,5.96E+10,1.41E+10,1.52E+00,2.42E-01,
RA1849_Brain-Gr,Grey,A0174,D004,RA1849,Brain,1.03E+11,2.81E+10,1.54E+00,7.89E-01,
RA1849_Ovary,,A0175,D004,RA1849,Sex Organ,6.18E+11,1.60E+10,3.98E+01,6.11E+00,
RA1849_LN-AX-R,,A0176,D004,RA1849,Lymph node,3.75E+09,1.29E+09,1.22E+02,1.90E+01,
RA1849_LN-ING-L,,A0177,D004,RA1849,Lymph node,1.25E+09,3.14E+08,1.81E+02,7.28E+00,
RA1849_LN-MES,,A0178,D004,RA1849,Lymph node,3.40E+09,2.10E+09,1.27E+02,2.07E+01,
RA1849_LNG-CD-R,,A0179,D004,RA1849,Lung,5.67E+09,2.23E+09,9.53E+00,1.36E+00,
RA1849_Sex-Organ,,A0180,D004,RA1849,Sex Organ,4.42E+05,7.06E+04,2.06E+00,-,
RA1849_Skin-Rash,Rash site,A0181,D004,RA1849,Skin,1.66E+06,7.96E+05,4.87E+00,2.84E+00,
RA1849_Skin-Non-Rash,Non-rash site,A0182,D004,RA1849,Skin,1.17E+06,3.66E+05,2.83E+00,9.62E-01,
RA0917_Spleen,,A0183,D006,RA0917,Spleen,4.19E+07,7.29E+05,6.62E+04,5.54E+03,
RA0917_Kidney,,A0184,D006,RA0917,Kidney,1.50E+10,1.27E+10,2.52E+02,6.53E+00,
RA0917_Liver-L,,A0185,D006,RA0917,Liver,4.04E+08,2.59E+08,2.46E+05,1.02E+05,
RA0917_Adrenal,,A0186,D006,RA0917,Adrenal Gland,1.12E+08,3.49E+06,8.67E+04,8.92E+02,
RA0917_Brain-Wh,White,A0187,D006,RA0917,Brain,1.77E+10,2.19E+09,2.79E+02,6.40E+01,
RA0917_Brain-Gr,Grey,A0188,D006,RA0917,Brain,6.62E+11,1.45E+10,7.42E+02,2.51E+01,
RA0917_Ovary,,A0189,D006,RA0917,Sex Organ,1.86E+08,2.45E+07,3.12E+03,2.21E+02,
RA0917_LN-AX-R,,A0190,D006,RA0917,Lymph node,3.49E+08,1.86E+08,1.08E+06,2.31E+05,
RA0917_LN-ING-L,,A0191,D006,RA0917,Lymph node,1.97E+09,2.96E+08,8.01E+05,2.37E+04,
RA0917_LN-MES,,A0192,D006,RA0917,Lymph node,4.55E+09,1.10E+09,3.00E+06,5.19E+04,
RA0917_LNG-CD-R,,A0193,D006,RA0917,Lung,7.91E+05,2.06E+04,4.63E+03,3.54E+02,
RA0917_Sex-Organ,,A0194,D006,RA0917,Sex Organ,1.23E+10,1.76E+09,1.07E+02,3.51E+00,
RA0917_Skin-Rash,Rash site,A0195,D006,RA0917,Skin,3.12E+05,1.60E+05,1.30E+02,9.78E+00,
RA0917_Skin-Non-Rash,Non-rash site,A0196,D006,RA0917,Skin,1.08E+05,3.49E+04,-,-,
RA1423_Spleen,,A0197,D008,RA1423,Spleen,2.46E+07,1.01E+06,1.58E+05,5.93E+03,
RA1423_Kidney,,A0198,D008,RA1423,Kidney,1.73E+10,7.19E+09,7.71E+02,3.05E+01,
RA1423_Liver-L,,A0199,D008,RA1423,Liver,6.29E+07,4.48E+07,3.46E+05,1.14E+05,
RA1423_Adrenal,,A0200,D008,RA1423,Adrenal Gland,2.35E+08,6.42E+06,3.09E+04,4.00E+02,
RA1423_Brain-Wh,White,A0201,D008,RA1423,Brain,7.67E+10,7.21E+09,6.96E+03,9.72E+02,
RA1423_Brain-Gr,Grey,A0202,D008,RA1423,Brain,2.93E+11,3.88E+10,2.30E+04,1.52E+03,
RA1423_Ovary,,A0203,D008,RA1423,Sex Organ,1.34E+04,1.75E+03,5.83E+00,2.12E+00,
RA1423_LN-AX-R,,A0204,D008,RA1423,Lymph node,7.25E+09,5.10E+09,1.27E+06,1.11E+05,
RA1423_LN-ING-L,,A0205,D008,RA1423,Lymph node,3.46E+08,4.95E+06,2.59E+04,7.55E+03,
RA1423_LN-MES,,A0206,D008,RA1423,Lymph node,2.28E+09,7.32E+06,2.98E+05,6.00E+04,
RA1423_LNG-CD-R,,A0207,D008,RA1423,Lung,3.88E+10,2.79E+10,2.93E+02,2.77E+01,
RA1423_Sex-Organ,,A0208,D008,RA1423,Sex Organ,2.09E+08,2.40E+07,7.90E+02,4.76E+01,
RA1423_Skin-Rash,Rash site,A0209,D008,RA1423,Skin,6.42E+05,5.74E+04,2.40E+03,1.14E+02,
RA1423_Skin-Non-Rash,Non-rash site,A0210,D008,RA1423,Skin,5.28E+05,1.51E+05,1.32E+02,7.41E+01,
RA1639_Spleen,,A0211,D005,RA1639,Spleen,3.30E+07,1.66E+07,2.78E+05,1.63E+04,
RA1639_Kidney,,A0212,D005,RA1639,Kidney,6.46E+09,4.24E+09,2.31E+02,8.72E+00,
RA1639_Liver-L,,A0213,D005,RA1639,Liver,3.43E+08,6.17E+07,2.72E+06,2.64E+05,
RA1639_Adrenal,,A0214,D005,RA1639,Adrenal Gland,1.44E+08,2.06E+06,5.57E+04,8.95E+02,
RA1639_Brain-Wh,White,A0215,D005,RA1639,Brain,3.72E+10,2.23E+09,7.36E-01,7.58E-01,
RA1639_Brain-Gr,Grey,A0216,D005,RA1639,Brain,2.25E+11,3.84E+10,1.26E+03,9.43E+01,
RA1639_Ovary,,A0217,D005,RA1639,Sex Organ,3.29E+08,1.24E+07,3.61E+02,2.72E+02,
RA1639_LN-AX-R,,A0218,D005,RA1639,Lymph node,2.58E+08,2.40E+06,8.42E+03,2.15E+03,
RA1639_LN-ING-L,,A0219,D005,RA1639,Lymph node,6.50E+08,1.33E+07,9.74E+03,2.73E+03,
RA1639_LN-MES,,A0220,D005,RA1639,Lymph node,1.50E+09,9.85E+06,2.76E+03,9.49E+02,
RA1639_LNG-CD-R,,A0221,D005,RA1639,Lung,1.67E+11,6.87E+09,7.98E+01,5.28E+01,
RA1639_Sex-Organ,,A0222,D005,RA1639,Sex Organ,4.22E+06,4.28E+05,4.05E+01,7.36E+00,
RA1639_Skin-Rash,Rash site,A0223,D005,RA1639,Skin,5.86E+05,3.29E+05,8.51E+01,3.95E+01,
RA1639_Skin-Non-Rash,Non-rash site,A0224,D005,RA1639,Skin,9.45E+05,7.28E+03,4.97E+01,1.60E+01,
RA1325_Spleen,,A0225,D006,RA1325,Spleen,8.66E+07,4.74E+06,6.59E+04,3.45E+03,
RA1325_Kidney,,A0226,D006,RA1325,Kidney,3.49E+10,8.41E+09,1.18E+02,2.07E+00,
RA1325_Liver-L,,A0227,D006,RA1325,Liver,4.84E+08,1.94E+07,1.30E+05,1.33E+04,
RA1325_Adrenal,,A0228,D006,RA1325,Adrenal Gland,9.32E+07,1.83E+06,3.55E+04,5.21E+02,
RA1325_Brain-Wh,White,A0229,D006,RA1325,Brain,6.24E+10,2.40E+10,1.64E+01,4.04E+00,
RA1325_Brain-Gr,Grey,A0230,D006,RA1325,Brain,5.29E+11,3.77E+10,9.10E+01,1.01E+01,
RA1325_Ovary,,A0231,D006,RA1325,Sex Organ,1.04E+09,2.13E+08,1.18E+03,1.62E+02,
RA1325_LN-AX-R,,A0232,D006,RA1325,Lymph node,1.14E+07,1.79E+05,1.11E+05,1.47E+04,
RA1325_LN-ING-L,,A0233,D006,RA1325,Lymph node,1.76E+07,3.15E+05,7.76E+04,1.49E+04,
RA1325_LN-MES,,A0234,D006,RA1325,Lymph node,1.16E+09,1.13E+07,1.85E+05,7.01E+04,
RA1325_LNG-CD-R,,A0235,D006,RA1325,Lung,6.59E+09,6.35E+01,2.70E+00,,
RA1325_Sex-Organ,,A0236,D006,RA1325,Sex Organ,2.78E+08,3.79E+07,1.88E+02,1.82E+01,
RA1325_Skin-Rash,Rash site,A0237,D006,RA1325,Skin,2.08E+06,8.52E+04,5.52E+01,1.00E+01,
RA1325_Skin-Non-Rash,Non-rash site,A0238,D006,RA1325,Skin,9.07E+05,2.35E+05,3.04E+01,3.35E+00,
RA1856_Spleen,,A0239,D000,RA1856,Spleen,1.52E+08,4.69E+06,1.79E+00,3.65E-01,
RA1856_Kidney,,A0240,D000,RA1856,Kidney,1.31E+10,-,-,-,
RA1856_Liver-L,,A0241,D000,RA1856,Liver,5.36E+08,1.42E+07,-,-,repeated
RA1856_Adrenal,,A0242,D000,RA1856,Adrenal Gland,4.89E+07,4.04E+05,-,-,
RA1856_Brain-Wh,White,A0243,D000,RA1856,Brain,3.29E+10,3.71E+10,1.80E-02,1.60E-02,
RA1856_Brain-Gr,Grey,A0244,D000,RA1856,Brain,5.65E+10,5.16E+10,2.58E-01,3.45E-01,
RA1856_Ovary,,A0245,D000,RA1856,Sex Organ,6.75E+08,1.01E+08,6.99E-01,8.98E-01,
RA1856_LN-AX-R,,A0246,D000,RA1856,Lymph node,5.20E+08,7.27E+05,1.40E-02,-,
RA1856_LN-ING-L,,A0247,D000,RA1856,Lymph node,6.55E+08,1.26E+06,8.05E-01,-,
RA1856_LN-MES,,A0248,D000,RA1856,Lymph node,2.13E+08,4.77E+06,1.34E+00,-,
RA1856_LNG-CD-R,,A0249,D000,RA1856,Lung,2.91E+09,6.67E-01,2.17E-01,,
RA1856_Sex-Organ,,A0250,D000,RA1856,Sex Organ,2.15E+03,5.63E+02,7.84E+00,-,
RA1856_Skin-Rash,Rash site,A0251,D000,RA1856,Skin,6.77E+05,1.76E+05,2.61E+00,1.81E+00,
RA1856_Skin-Non-Rash,Non-rash site,A0252,D000,RA1856,Skin,7.49E+05,1.84E+05,2.08E+00,7.38E-01,
RA1082_Spleen,,A0253,D000,RA1082,Spleen,5.46E+07,7.06E+06,2.65E+00,1.24E+00,
RA1082_Kidney,,A0254,D000,RA1082,Kidney,2.02E+12,9.51E+10,-,-,
RA1082_Liver-L,,A0255,D000,RA1082,Liver,3.22E+08,6.17E+06,3.50E-02,1.10E-02,
RA1082_Adrenal,,A0256,D000,RA1082,Adrenal Gland,7.35E+07,1.03E+06,3.42E-01,3.00E-03,
RA1082_Brain-Wh,White,A0257,D000,RA1082,Brain,3.62E+09,3.87E+08,5.30E-02,8.60E-02,
RA1082_Brain-Gr,Grey,A0258,D000,RA1082,Brain,8.05E+10,4.45E+10,-,-,
RA1082_Ovary,,A0259,D000,RA1082,Sex Organ,1.86E+09,8.38E+07,4.21E+00,3.09E+00,
RA1082_LN-AX-R,,A0260,D000,RA1082,Lymph node,6.88E+06,2.12E+05,1.26E+00,-,
RA1082_LN-ING-L,,A0261,D000,RA1082,Lymph node,9.96E+07,2.44E+06,1.55E+00,-,
RA1082_LN-MES,,A0262,D000,RA1082,Lymph node,5.06E+07,9.23E+05,9.98E-01,-,
RA1082_LNG-CD-R,,A0263,D000,RA1082,Lung,1.35E+09,-,-,,
RA1082_Sex-Organ,,A0264,D000,RA1082,Sex Organ,1.99E+08,1.10E+06,2.91E+00,-,
RA1082_Skin-Rash,Rash site,A0265,D000,RA1082,Skin,6.66E+05,4.33E+05,1.79E+00,4.11E-01,
RA1082_Skin-Non-Rash,Non-rash site,A0266,D000,RA1082,Skin,2.11E+06,3.82E+05,2.25E+00,7.49E-01,
RA1074_Spleen,,A0267,D006,RA1074,Spleen,6.24E+06,2.57E+05,1.01E+05,2.78E+04,
RA1074_Kidney,,A0268,D006,RA1074,Kidney,4.10E+11,3.80E+10,6.20E+04,2.85E+03,
RA1074_Liver-L,,A0269,D006,RA1074,Liver,4.89E+08,5.48E+06,8.21E+05,1.16E+05,
RA1074_Adrenal,,A0270,D006,RA1074,Adrenal Gland,1.39E+08,2.00E+06,1.13E+05,1.40E+03,
RA1074_Brain-Wh,White,A0271,D006,RA1074,Brain,2.95E+10,5.03E+09,5.91E+03,3.11E+03,
RA1074_Brain-Gr,Grey,A0272,D006,RA1074,Brain,-,,1.68E+03,,repeated
RA1074_Ovary,,A0273,D006,RA1074,Sex Organ,1.94E+08,2.02E+07,1.10E+04,3.27E+03,
RA1074_LN-AX-R,,A0274,D006,RA1074,Lymph node,1.68E+04,3.33E+03,1.45E+04,1.14E+03,
RA1074_LN-ING-L,,A0275,D006,RA1074,Lymph node,1.29E+09,1.35E+08,2.36E+04,2.88E+02,
RA1074_LN-MES,,A0276,D006,RA1074,Lymph node,4.05E+07,4.20E+07,1.91E+04,9.13E+03,
RA1074_LNG-CD-R,,A0277,D006,RA1074,Lung,2.20E+09,9.76E+01,6.52E+00,,
RA1074_Sex-Organ,,A0278,D006,RA1074,Sex Organ,6.55E+07,5.91E+06,3.22E+03,1.04E+02,
RA1074_Skin-Rash,Rash site,A0279,D006,RA1074,Skin,3.23E+05,1.49E+04,1.40E+02,2.52E+01,
RA1074_Skin-Non-Rash,Non-rash site,A0280,D006,RA1074,Skin,4.32E+05,2.86E+04,5.03E+01,4.75E+00,
RA1819_Spleen,,A0281,D000,RA1819,Spleen,6.87E+07,3.25E+06,3.20E+00,1.27E+00,
RA1819_Kidney,,A0282,D000,RA1819,Kidney,1.14E+09,2.14E+08,4.19E+00,1.72E+00,
RA1819_Liver-L,,A0283,D000,RA1819,Liver,2.71E+08,6.40E+06,6.80E-02,-,
RA1819_Adrenal,,A0284,D000,RA1819,Adrenal Gland,1.52E+08,5.43E+06,2.30E-01,7.30E-02,
RA1819_Brain-Wh,White,A0285,D000,RA1819,Brain,6.35E+10,1.47E+10,7.66E-01,9.98E-01,
RA1819_Brain-Gr,Grey,A0286,D000,RA1819,Brain,1.79E+11,1.88E+10,3.46E-01,2.22E-01,
RA1819_Ovary,,A0287,D000,RA1819,Sex Organ,3.09E+06,1.98E+06,3.62E+00,-,
RA1819_LN-AX-R,,A0288,D000,RA1819,Lymph node,1.24E+09,2.92E+07,1.27E+00,-,
RA1819_LN-ING-L,,A0289,D000,RA1819,Lymph node,2.52E+09,6.99E+07,1.93E+00,1.10E+00,
RA1819_LN-MES,,A0290,D000,RA1819,Lymph node,4.67E+09,3.08E+08,1.32E+00,-,
RA1819_LNG-CD-R,,A0291,D000,RA1819,Lung,1.93E+09,-,-,,
RA1819_Sex-Organ,,A0292,D000,RA1819,Sex Organ,6.50E+08,1.16E+08,4.93E-01,-,
RA1819_Skin-Rash,Rash site,A0293,D000,RA1819,Skin,1.70E+06,2.27E+05,3.66E+00,1.78E+00,
RA1819_Skin-Non-Rash,Non-rash site,A0294,D000,RA1819,Skin,9.03E+00,2.18E+00,2.48E+00,1.02E+00,
RA1082_WholeBlood-BL,Baseline,A0295,D-30?,RA1082,Whole blood,1.77E+10,8.19E+09,3.81E+00,1.43E+00,
RA1082_WholeBlood-BL,Baseline,A0296,D-30?,RA1082,Whole blood,1.54E+10,4.15E+09,9.78E-01,4.24E-01,
RA1082_WholeBlood-D0,D0,A0297,D000,RA1082,Whole blood,8.21E+09,2.89E+09,2.21E-01,-,
RA1819_WholeBlood-BL,Baseline,A0298,D-28,RA1819,Whole blood,3.85E+06,1.90E+04,1.63E+00,-,
RA1819_WholeBlood-BL,Baseline,A0299,D-14,RA1819,Whole blood,1.04E+06,4.18E+04,4.89E-01,3.18E-01,
RA1819_WholeBlood-D0,D0,A0300,D000,RA1819,Whole blood,7.32E+06,1.11E+05,6.69E-01,2.86E-01,
RA1856_WholeBlood-BL,Baseline,A0301,D-28,RA1856,Whole blood,2.48E+06,1.17E+05,5.78E-01,3.13E-01,
RA1856_WholeBlood-BL,Baseline,A0302,D-14,RA1856,Whole blood,2.20E+05,6.14E+03,9.98E-01,-,
RA1856_WholeBlood-D0,D0,A0303,D000,RA1856,Whole blood,4.52E+06,7.49E+04,3.07E-01,1.97E-01,
RA0700_WholeBlood-BL,Baseline,A0304,D-30,RA0700,Whole blood,1.92E+09,4.64E+08,9.88E-01,4.10E-01,
RA0700_WholeBlood-BL,Baseline,A0305,D-04,RA0700,Whole blood,2.67E+07,9.25E+06,3.38E+00,4.33E+00,
RA0700_WholeBlood-D7-NEC,D7/NEC,A0306,D007,RA0700,Whole blood,1.32E+10,1.14E+10,1.40E+06,4.90E+04,
RA1818_WholeBlood-BL,Baseline,A0307,D-30,RA1818,Whole blood,3.63E+07,1.22E+05,-,-,
RA1818_WholeBlood-BL,Baseline,A0308,D-04,RA1818,Whole blood,1.31E+08,1.13E+06,-,-,
RA1818_WholeBlood-D6-NEC,D6/NEC,A0309,D006,RA1818,Whole blood,1.48E+09,7.31E+08,1.71E+06,6.77E+04,
RA1779_WholeBlood-BL,Baseline,A0310,D-30,RA1779,Whole blood,3.17E+07,1.18E+05,8.47E-01,-,
RA1779_WholeBlood-BL,Baseline,A0311,D-04,RA1779,Whole blood,5.43E+06,9.34E+04,-,-,
RA1779_WholeBlood-D8-NEC,D8/NEC,A0312,D008,RA1779,Whole blood,5.36E+07,5.23E+05,3.40E+04,8.29E+03,
RA1790_WholeBlood-BL,Baseline,A0313,D-30,RA1790,Whole blood,3.80E+06,5.79E+04,1.55E+01,-,
RA1790_WholeBlood-BL,Baseline,A0314,D-04,RA1790,Whole blood,2.00E+06,1.84E+04,-,-,
RA1790_WholeBlood-D8-NEC,D8/NEC,A0315,D007,RA1790,Whole blood,1.35E+07,3.34E+04,5.44E+04,8.55E+03,
RA0917_WholeBlood-BL,Baseline,A0316,D-30,RA0917,Whole blood,5.90E+06,1.07E+04,-,-,
RA0917_WholeBlood-BL,Baseline,A0317,D-04,RA0917,Whole blood,5.17E+06,4.95E+04,1.83E+00,-,
RA0917_WholeBlood-D6-NEC,D6/NEC,A0318,D006,RA0917,Whole blood,5.55E+06,4.23E+04,2.34E+05,1.19E+05,
RA1423_WholeBlood-BL,Baseline,A0319,D-30,RA1423,Whole blood,8.31E+06,1.44E+05,-,-,
RA1423_WholeBlood-BL,Baseline,A0320,D-04,RA1423,Whole blood,5.47E+06,5.61E+04,4.37E-01,-,
RA1423_WholeBlood-D8-NEC,D8/NEC,A0321,D008,RA1423,Whole blood,3.66E+08,3.20E+06,2.54E+05,1.97E+04,
RA0223_WholeBlood-BL,Baseline,A0322,D-30,RA0223,Whole blood,1.06E+07,1.66E+05,1.47E+00,-,
RA0223_WholeBlood-BL,Baseline,A0323,D000,RA0223,Whole blood,6.32E+07,3.97E+05,9.15E-01,-,
RA0223_WholeBlood-D1,D1,A0324,D001,RA0223,Whole blood,1.92E+07,1.16E+05,5.16E-01,-,
RA0223_WholeBlood-D3,D3,A0325,D003,RA0223,Whole blood,5.25E+07,3.94E+05,2.61E+00,1.21E+00,
RA0449_WholeBlood-BL,Baseline,A0326,D-30,RA0449,Whole blood,5.75E+06,1.73E+05,9.42E-01,-,
RA0449_WholeBlood-BL,Baseline,A0327,D000,RA0449,Whole blood,4.87E+04,1.59E+03,6.68E-01,4.37E-01,
RA0449_WholeBlood-D1,D1,A0328,D001,RA0449,Whole blood,1.55E+05,1.14E+03,-,-,
RA0449_WholeBlood-D3,D3,A0329,D003,RA0449,Whole blood,1.41E+06,5.94E+03,1.66E+01,6.58E-01,
RA1834_WholeBlood-BL,Baseline,A0330,D-30,RA1834,Whole blood,4.17E+06,4.71E+04,8.63E-01,1.23E-01,
RA1834_WholeBlood-BL,Baseline,A0331,D000,RA1834,Whole blood,2.09E+06,3.45E+05,8.97E-01,1.15E+00,
RA1834_WholeBlood-D1,D1,A0332,D001,RA1834,Whole blood,2.91E+06,4.75E+05,9.82E-01,2.81E-01,
RA1834_WholeBlood-D3,D3,A0333,D003,RA1834,Whole blood,7.22E+06,3.85E+06,5.17E-01,3.35E-01,
RA0452_WholeBlood-BL,Baseline,A0334,D-30,RA0452,Whole blood,3.32E+07,5.67E+05,5.77E-01,6.04E-01,
RA0452_WholeBlood-BL,Baseline,A0335,D000,RA0452,Whole blood,2.43E+07,2.77E+06,8.90E-02,7.00E-03,
RA0452_WholeBlood-D1,D1,A0336,D001,RA0452,Whole blood,1.51E+08,7.84E+06,7.75E-01,3.26E-01,
RA0452_WholeBlood-D3,D3,A0337,D003,RA0452,Whole blood,1.88E+08,1.52E+07,9.06E+00,5.24E+00,
RA0452_WholeBlood-D5,D5,A0338,D005,RA0452,Whole blood,4.15E+07,7.89E+06,2.15E+03,7.04E+02,
RA0522_WholeBlood-BL,Baseline,A0339,D-30,RA0522,Whole blood,1.88E+06,5.98E+05,4.27E-01,2.70E-02,
RA0522_WholeBlood-BL,Baseline,A0340,D000,RA0522,Whole blood,3.73E+06,3.14E+05,1.26E+00,5.19E-01,
RA0522_WholeBlood-D1,D1,A0341,D001,RA0522,Whole blood,7.87E+06,1.29E+06,2.15E-01,3.00E-03,
RA0522_WholeBlood-D3,D3,A0342,D003,RA0522,Whole blood,1.05E+08,8.28E+06,4.18E-01,6.80E-02,
RA0522_WholeBlood-D5,D5,A0343,D005,RA0522,Whole blood,2.80E+07,4.68E+06,-,-,remove
RA1639_WholeBlood-BL,Baseline,A0344,D-30,RA1639,Whole blood,1.74E+08,1.63E+07,8.58E+00,1.92E+00,remove
RA1639_WholeBlood-BL,Baseline,A0345,D000,RA1639,Whole blood,3.29E+08,3.15E+07,9.29E-01,7.14E-01,
RA1639_WholeBlood-D1,D1,A0346,D001,RA1639,Whole blood,3.87E+07,3.88E+06,8.23E-01,1.14E-01,
RA1639_WholeBlood-D3,D3,A0347,D003,RA1639,Whole blood,3.50E+06,1.44E+05,1.66E+00,4.37E-01,
RA1639_WholeBlood-D5,D5,A0348,D005,RA1639,Whole blood,2.15E+06,1.35E+05,8.60E+04,2.42E+04,
RA0717_WholeBlood-BL,Baseline,A0349,D-30,RA0717,Whole blood,4.64E+06,1.97E+05,5.85E-01,-,
RA0717_WholeBlood-BL,Baseline,A0350,D-14,RA0717,Whole blood,7.53E+07,4.10E+06,7.64E-01,4.21E-01,
RA0717_WholeBlood-D2,D2,A0351,D002,RA0717,Whole blood,2.69E+07,2.63E+06,-,-,
RA0717_WholeBlood-D4,D4,A0352,D004,RA0717,Whole blood,2.76E+08,2.24E+07,3.50E+03,7.85E+02,
RA0850_WholeBlood-BL,Baseline,A0353,D-30,RA0850,Whole blood,1.59E+08,4.61E+07,1.73E+00,1.02E+00,
RA0850_WholeBlood-BL,Baseline,A0354,D-14,RA0850,Whole blood,1.10E+07,9.21E+05,3.71E+00,2.77E+00,
RA0850_WholeBlood-D2,D2,A0355,D002,RA0850,Whole blood,3.78E+05,1.87E+05,2.50E+00,1.41E+00,
RA0850_WholeBlood-D4,D4,A0356,D004,RA0850,Whole blood,5.48E+06,2.42E+05,1.33E+01,2.41E+00,
RA1849_WholeBlood-BL,Baseline,A0357,D-30,RA1849,Whole blood,5.13E+06,1.34E+06,4.19E+00,1.55E+00,
RA1849_WholeBlood-BL,Baseline,A0358,D-14,RA1849,Whole blood,2.98E+06,1.19E+05,2.25E+00,1.15E+00,
RA1849_WholeBlood-D2,D2,A0359,D002,RA1849,Whole blood,2.81E+06,3.74E+05,-,-,
RA1849_WholeBlood-D4,D4,A0360,D004,RA1849,Whole blood,1.48E+07,5.10E+05,3.69E+01,3.03E+00,
RA1074_WholeBlood-BL,Baseline,A0361,D-30,RA1074,Whole blood,9.68E+06,6.57E+05,3.11E+00,1.56E+00,
RA1074_WholeBlood-BL,Baseline,A0362,D-14,RA1074,Whole blood,4.74E+06,4.65E+05,3.29E+00,1.77E+00,
RA1074_WholeBlood-D2,D2,A0363,D002,RA1074,Whole blood,2.50E+06,3.02E+05,2.80E+00,1.69E+00,
RA1074_WholeBlood-D4,D4,A0364,D004,RA1074,Whole blood,9.06E+05,7.67E+04,1.13E+02,1.02E+01,
RA1074_WholeBlood-D6,D6,A0365,D006,RA1074,Whole blood,1.24E+06,4.85E+04,2.10E+05,4.74E+03,
RA1325_WholeBlood-BL,Baseline,A0366,D-30,RA1325,Whole blood,8.72E+05,5.53E+04,2.98E+00,1.10E+00,
RA1325_WholeBlood-BL,Baseline,A0367,D-14,RA1325,Whole blood,1.97E+06,2.73E+05,5.88E+00,6.20E+00,
RA1325_WholeBlood-D2,D2,A0368,D002,RA1325,Whole blood,4.28E+06,4.31E+05,1.79E+00,8.17E-01,
RA1325_WholeBlood-D4,D4,A0369,D004,RA1325,Whole blood,6.64E+05,1.19E+05,1.86E+02,3.64E+01,
RA1325_WholeBlood-D6,D6,A0370,D006,RA1325,Whole blood,4.23E+06,2.40E+06,4.11E+03,2.78E+03,
RA1803_WholeBlood-BL,Baseline,A0371,D-30,RA1803,Whole blood,4.34E+06,1.70E+06,4.82E+00,1.84E+00,
RA1803_WholeBlood-BL,Baseline,A0372,D-14,RA1803,Whole blood,5.83E+06,1.94E+06,4.51E+00,2.20E+00,
RA1803_WholeBlood-D2,D2,A0373,D002,RA1803,Whole blood,5.33E+06,1.32E+06,5.07E+00,2.33E+00,
RA1803_WholeBlood-D4,D4,A0374,D004,RA1803,Whole blood,3.69E+06,6.69E+05,2.43E+02,1.62E+02,
RA1803_WholeBlood-D6,D6,A0375,D006,RA1803,Whole blood,2.40E+06,7.31E+05,4.36E+04,4.00E+04,
RA1082_CSF-BL,Baseline,A0376,,RA1082,CSF,1.51E+02,6.81E+00,2.43E+00,1.37E+00,
RA1082_CSF-D0-NEC,D0,A0377,D000,RA1082,CSF,1.07E+02,9.76E+00,2.78E+00,1.70E+00,
RA1819_CSF-BL,N/A,A0378,,RA1819,CSF,,,,,
RA1819_CSF-D0,D0,A0379,D000,RA1819,CSF,6.18E+02,1.67E+01,4.02E+00,3.25E+00,
RA1856_CSF-BL,Baseline,A0380,,RA1856,CSF,2.30E+02,5.54E+01,1.99E+00,3.41E-01,
RA1856_CSF-D0,D0,A0381,D000,RA1856,CSF,4.56E+02,5.05E+01,2.16E+00,1.23E+00,
RA0700_CSF-BL,Baseline,A0382,,RA0700,CSF,1.32E+02,9.26E+00,3.02E+00,1.48E+00,
RA0700_CSF-D7-NEC,D7,A0383,D007,RA0700,CSF,3.56E+02,1.29E+02,5.49E+01,3.37E+00,
RA1818_CSF-BL,Baseline,A0384,,RA1818,CSF,1.17E+03,9.08E+01,2.31E+00,1.38E+00,
RA1818_CSF-D6-NEC,D6,A0385,D006,RA1818,CSF,5.45E+02,1.33E+01,3.84E+03,3.59E+02,
RA1779_CSF-BL,Baseline,A0386,,RA1779,CSF,8.38E+01,1.11E+01,2.71E+00,1.79E+00,
RA1779_CSF-D8-NEC,D8,A0387,D008,RA1779,CSF,1.06E+03,3.47E+01,1.45E+02,8.09E+00,
RA1790_CSF-BL,Baseline,A0388,,RA1790,CSF,1.09E+02,4.64E+00,4.16E+00,1.49E+00,
RA1790_CSF-D7-NEC,D7,A0389,D007,RA1790,CSF,1.49E+02,1.49E+01,3.81E+00,4.12E-01,
RA0917_CSF-BL,Baseline,A0390,,RA0917,CSF,2.30E+02,7.03E+00,1.90E+00,7.75E-01,
RA0917_CSF-D6-NEC,D6,A0391,D006,RA0917,CSF,6.40E+03,1.63E+02,1.19E+02,6.87E+01,
RA1423_CSF-BL,Baseline,A0392,,RA1423,CSF,2.06E+02,8.18E+00,2.82E+00,1.78E+00,
RA1423_CSF-D8-NEC,D8,A0393,D008,RA1423,CSF,1.03E+04,2.98E+02,2.60E+03,5.86E+01,
RA0223_CSF-BL,Baseline,A0394,,RA0223,CSF,1.23E+02,1.22E+01,2.08E+00,2.02E+00,
RA0223_CSF-D3,D3,A0395,D003,RA0223,CSF,2.60E+03,4.97E+03,2.34E+00,2.48E+00,
RA0449_CSF-BL,Baseline,A0396,,RA0449,CSF,8.10E+03,1.62E+02,2.09E+00,7.42E-01,
RA0449_CSF-D3,D3,A0397,D003,RA0449,CSF,2.58E+02,1.04E+01,4.91E+00,2.07E+00,
RA1834_CSF-BL,Baseline,A0398,,RA1834,CSF,1.44E+02,5.15E+01,2.29E+00,1.31E+00,
RA1834_CSF-D3,D3,A0399,D003,RA1834,CSF,3.24E+02,1.33E+00,2.22E+00,9.38E-01,
RA0452_CSF-BL,Baseline,A0400,,RA0452,CSF,3.31E+02,2.88E+01,3.19E+00,2.38E+00,
RA0452_CSF-D5,D5,A0401,D005,RA0452,CSF,1.47E+05,2.73E+03,1.12E+02,8.77E+00,
RA0522_CSF-BL,Baseline,A0402,,RA0522,CSF,1.42E+02,8.63E+00,2.34E+00,1.40E+00,
RA0522_CSF-D5,D5,A0403,D005,RA0522,CSF,1.64E+02,1.03E+01,1.40E+00,2.78E-01,
RA1639_CSF-BL,Baseline,A0404,,RA1639,CSF,6.29E+02,3.37E+01,3.58E+00,2.20E+00,
RA1639_CSF-D5,D5,A0405,D005,RA1639,CSF,1.33E+03,5.02E+01,1.46E+00,5.83E-01,
RA0717_CSF-BL,Baseline,A0406,,RA0717,CSF,1.28E+02,4.86E+00,1.32E+00,8.36E-01,
RA0717_CSF-D4,D4,A0407,D004,RA0717,CSF,3.44E+02,2.14E+01,3.35E+00,1.22E+00,
RA0850_CSF-BL,Baseline,A0408,,RA0850,CSF,2.46E+02,2.11E+01,2.71E+00,1.18E+00,
RA0850_CSF-D4,D4,A0409,D004,RA0850,CSF,2.47E+02,2.11E+01,2.25E+00,6.49E-01,
RA1849_CSF-BL,Baseline,A0410,,RA1849,CSF,6.59E+01,8.30E+00,2.79E+00,2.08E+00,
RA1849_CSF-D4,D4,A0411,D004,RA1849,CSF,5.81E+02,2.42E+01,3.36E+00,1.90E+00,
RA1074_CSF-BL,Baseline,A0412,,RA1074,CSF,7.76E+01,4.69E+00,1.52E+00,6.96E-01,
RA1074_CSF-D6,D6,A0413,D006,RA1074,CSF,8.27E+02,9.92E+01,3.62E+00,1.67E+00,
RA1325_CSF-BL,Baseline,A0414,,RA1325,CSF,9.46E+02,9.62E+01,3.36E+00,1.28E+00,
RA1325_CSF-D6,D6,A0415,D006,RA1325,CSF,9.00E+02,2.72E+01,1.79E+00,1.22E+00,
RA1803_CSF-BL,Baseline,A0416,,RA1803,CSF,1.97E+02,3.46E+01,5.15E+00,2.55E+00,
RA1803_CSF-D6,D6,A0417,D006,RA1803,CSF,4.59E+03,1.12E+02,3.56E+01,5.67E+00,
RA1082_Serum-D0-NEC,D0,A0418,D000,RA1082,Serum,1.72E+02,2.86E+01,2.11E+00,1.64E+00,
RA1819_Serum-D0,D0,A0419,D000,RA1819,Serum,3.13E+03,1.23E+02,1.58E+00,1.27E+00,
RA1856_Serum-D0,D0,A0420,D000,RA1856,Serum,1.07E+02,5.44E+00,2.98E+00,1.23E+00,
RA0700_Serum-D7-NEC,D7,A0421,D007,RA0700,Serum,1.72E+05,2.97E+04,2.19E+05,1.62E+04,
RA1818_Serum-D6-NEC,D6,A0422,D006,RA1818,Serum,4.63E+04,7.06E+03,1.21E+05,1.69E+04,
RA1779_Serum-D8-NEC,D8,A0423,D008,RA1779,Serum,1.71E+04,2.03E+03,8.90E+03,6.52E+02,
RA1790_Serum-D7-NEC,D7,A0424,D007,RA1790,Serum,4.06E+01,6.12E+00,5.34E+03,7.87E+02,
RA0917_Serum-D6-NEC,D6,A0425,D006,RA0917,Serum,4.78E+04,5.62E+04,1.91E+04,1.18E+03,
RA1423_Serum-D8-NEC,D8,A0426,D008,RA1423,Serum,1.79E+05,2.02E+05,2.21E+05,2.20E+04,
RA0223_Serum-D3,D3,A0427,D003,RA0223,Serum,3.23E+02,2.47E+02,3.56E+00,1.25E+00,
RA0449_Serum-D3,D3,A0428,D003,RA0449,Serum,1.09E+02,7.12E+01,2.69E+00,1.19E+00,
RA1834_Serum-D3,D3,A0429,D003,RA1834,Serum,1.89E+02,1.20E+02,1.69E+00,3.53E-01,
RA0452_Serum-D5,D5,A0430,D005,RA0452,Serum,8.19E+03,4.26E+03,1.41E+03,8.07E+01,
RA0522_Serum-D5,D5,A0431,D005,RA0522,Serum,6.44E+03,5.39E+03,5.03E+00,2.33E+00,
RA1639_Serum-D5,D5,A0432,D005,RA1639,Serum,1.63E+05,2.29E+05,1.44E+05,8.97E+03,
RA0717_Serum-D4,D4,A0433,D004,RA0717,Serum,2.53E+04,9.29E+02,8.99E+02,5.08E+02,
RA0850_Serum-D4,D4,A0434,D004,RA0850,Serum,4.36E+02,6.08E+01,8.20E+00,4.11E+00,
RA1849_Serum-D4,D4,A0435,D004,RA1849,Serum,1.50E+03,1.02E+02,5.30E+00,1.25E+00,
RA1074_Serum-D6,D6,A0436,D006,RA1074,Serum,5.83E+04,2.73E+03,1.78E+06,3.28E+04,
RA1325_Serum-D6,D6,A0437,D006,RA1325,Serum,7.32E+03,2.65E+03,2.66E+03,1.01E+02,
RA1803_Serum-D6,D6,A0438,D006,RA1803,Serum,1.13E+05,1.02E+04,1.71E+05,1.39E+04,